hubspot_id,first_name,last_name,phone,business_name
0,Henri,Hoffmann,954-564-7735,"Fadel, Lueilwitz and Nitzsche"
1,Niles,Ballinger,111-360-4329,"Ruecker, Lehner and Jakubowski"
2,Maddie,Casa,780-241-3938,Nader LLC
3,Guy,Domenc,183-435-9230,"Runolfsson, Bechtelar and Crona"
4,Maurizio,Moroni,0522-556721,Reggiani Caseifici
5,Kellina,Mithan,443-302-3069,Fahey-Braun
6,Peter,Franken,089-0877310,Frankenversand
7,Eudora,Bathersby,703-364-5849,"Bosco, Moore and Nitzsche"
8,Rosanna,Munn,970-410-4291,Dicki-Dickens
9,Trisha,Kyneton,678-382-8260,Nikolaus LLC
10,Jolyn,Crowther,250-550-1297,Hessel Group
11,Susanna,McDermott-Row,617-266-0086,"Beahan, Schinner and West"
12,Francisco,Chang,(5) 555-3392,Centro comercial Moctezuma
13,Lauri,Maber,621-470-3020,Tillman Group
14,Lúcia,Carvalho,(11) 555-1189,Queen Cozinha
15,Celle,Forton,789-431-6850,Leuschke-Berge
16,Noam,Philipot,559-136-8097,Moore-Langosh
17,Van,Pestridge,628-444-6737,"Feeney, Stehr and Robel"
18,Sybille,Schultheiss,292-135-2745,Okuneva Inc
19,Bail,Hexum,313-482-3763,"Ruecker, Von and Breitenberg"
20,Juliane,Yarham,342-254-0052,Beahan LLC
21,Miguel,Angel,(5) 555-2933,Tortuga Restaurante
22,Sunny,Giffon,188-683-5940,"Wolf, Hane and Gibson"
23,Antonio,Moreno,(5) 555-3932,Antonio Moreno Taquería
24,Fraser,Iacomelli,560-272-6187,Nolan Group
25,Cassandre,Woodhouse,209-911-7460,Lowe-Crona
26,Edyth,Witheridge,747-281-1475,Crona Group
27,Philomena,Blant,248-933-0869,"Rath, Dach and Kassulke"
28,Vincenty,Guppy,686-122-6484,Maggio Inc
29,Olia,Swinley,387-403-1336,Swift Inc
30,Guillermo,Fernández,(5) 552-3745,Pericles Comidas clásicas
31,Sondra,Moy,903-871-0136,West-Zemlak
32,André,Fonseca,(11) 555-9482,Gourmet Lanchonetes
33,Jaine,Clemmitt,704-245-2912,Beatty-Reichert
34,Carlos,Hernández,(5) 555-1340,HILARION-Abastos
35,Lance,Semrad,250-547-2181,"Kris, Schamberger and Kunze"
36,Raymond,McMullen,886-915-5365,"Koch, Greenholt and Hyatt"
37,Murry,Sawle,467-820-3041,"VonRueden, Collier and Stroman"
38,Philip,Cramer,0555-09876,Königlich Essen
39,Mae,Wallen,946-159-4823,Lemke Group
40,Rasla,Welldrake,132-821-5691,Lindgren-McGlynn
41,Tarah,Charleston,344-870-4161,"Collier, Schimmel and Bahringer"
42,Ethan,Baline,279-706-0080,Wolff LLC
43,Rita,Müller,0711-020361,Die Wandernde Kuh
44,Amalea,Schruurs,555-352-0652,Koch Inc
45,Rich,Van Geffen,562-629-8314,O'Conner and Sons
46,Gregorius,Jerromes,148-314-1451,"Schulist, Russel and Kerluke"
47,Ilaire,Luten,998-383-9025,"Lubowitz, Bartoletti and Bradtke"
48,Fayette,Krollmann,161-771-8797,Smith Inc
49,Yoshi,Tannamuri,(604) 555-3392,Laughing Bacchus Wine Cellars
50,Morgan,Kleiner,573-241-9277,Brown-Armstrong
51,Paula,Parente,(14) 555-8122,Wellington Importadora
52,Hari,Kumar,(171) 555-1717,Seven Seas Imports
53,Foster,Aspden,806-858-7303,"Hegmann, Murray and Heathcote"
54,Mario,Pontes,(21) 555-0091,Hanari Carnes
55,Fran,Wilson,(503) 555-9573,Lonesome Pine Restaurant
56,Nichole,Temporal,336-639-7149,Kuhic-Fisher
57,Hodge,Kayley,919-509-8313,Vandervort-Jakubowski
58,Liz,Nixon,(503) 555-3612,The Big Cheese
59,Helen,Bennett,(198) 555-8888,Island Trading
60,Iggy,Lening,517-160-5994,"Bergnaum, Smitham and Schroeder"
61,Estrellita,Howkins,167-483-1017,Schiller-Schuppe
62,Art,Braunschweiger,(307) 555-4680,Split Rail Beer & Ale
63,Cami,Sivior,763-498-7047,"Kunze, Hane and Boyle"
64,Jemima,Sydes,242-885-6841,Fadel and Sons
65,Aurel,Burnup,731-216-0454,Christiansen-Schulist
66,Northrop,Bisgrove,568-997-1717,"Braun, Moen and Volkman"
67,Carlos,González,(9) 331-6954,LILA-Supermercado
68,Sergio,Gutiérrez,(1) 123-5555,Rancho grande
69,Paula,Wilson,(505) 555-5939,Rattlesnake Canyon Grocery
70,Wright,Giabuzzi,973-111-0448,Hackett and Sons
71,Christina,Berglund,0921-12 34 65,Berglunds snabbköp
72,Felipe,Izquierdo,(8) 34-56-12,LINO-Delicateses
73,Carrie,Cote,519-940-2384,Lubowitz Inc
74,Marybeth,Ferrario,192-689-9045,"Kihn, Cummerata and Price"
75,Leighton,Hun,409-645-5786,"Wyman, Hand and Bergstrom"
76,Karin,Josephs,0251-031259,Toms Spezialitäten
77,Dore,Segge,183-994-0804,"McClure, Metz and Hoeger"
78,Vanda,Brade,862-702-1255,Weber Inc
79,Frans,Maypother,243-215-0536,"Kohler, Kunde and Mills"
80,Derk,Coleman,418-729-4598,Bruen-Monahan
81,Shelby,Templeton,337-405-3825,Kilback-Murray
82,Marie,Bertrand,(1) 42.34.22.66,Paris spécialités
83,Janet,Eveque,790-163-1894,Jenkins-Ziemann
84,Linus,Chang,520-621-7990,"Padberg, Weber and Bednar"
85,Zbyszek,Piestrzeniewicz,(26) 642-7012,Wolski  Zajazd
86,Margarete,Eagers,354-831-5585,Yundt Inc
87,Tisha,Hellin,185-344-2948,Kulas-Jerde
88,Trudey,Glanvill,287-884-7881,Haley-Altenwerth
89,Anastassia,Rolse,108-398-1111,Walsh and Sons
90,Raynor,Huffey,339-798-3062,"Steuber, Pollich and Jones"
91,Berni,Adolphine,908-360-6091,Ankunding Inc
92,Clem,Langlands,891-254-2503,Nitzsche Group
93,Janine,Labrune,40.67.88.88,Du monde entier
94,Archaimbaud,Parradice,810-389-2422,Klocko-Fay
95,Aria,Cruz,(11) 555-9857,Familia Arquibaldo
96,Marthe,Fraczek,776-427-7389,"Keeling, Cronin and Leuschke"
97,Ronnie,Treneman,620-847-4253,DuBuque and Sons
98,Edy,Poolton,152-746-4764,Stamm-Schroeder
99,Goran,Townsley,437-410-6698,"Upton, Runolfsdottir and Gerlach"
100,Marci,Addy,651-597-0736,"Wiegand, Upton and Ledner"
101,Hannah,Lunnon,358-677-3833,Walker-Satterfield
102,Barn,McGuinley,605-747-6024,Windler Group
103,Aldo,Gerwood,978-607-1036,"Streich, Oberbrunner and Mohr"
104,Hulda,Megroff,500-535-3433,Runolfsson Inc
105,Stacy,Shimwell,413-437-2703,Beahan and Sons
106,Gerhard,Hanstock,701-666-1520,Klocko-Kohler
107,Ced,Coltart,580-210-3378,"Runolfsdottir, Green and Corwin"
108,Jere,Endersby,834-130-8048,"Heathcote, Krajcik and Bashirian"
109,Laurene,Gudahy,850-354-8144,Batz-Cormier
110,Lino,Rodriguez,(1) 354-2534,Furia Bacalhau e Frutos do Mar
111,Osborne,Hazeldine,684-989-4344,Donnelly-Hodkiewicz
112,Bonnibelle,Mosten,738-982-9107,Koepp Inc
113,Babette,O'Scannill,912-196-4037,"Bode, Thompson and Kling"
114,Gipsy,McMillan,693-418-1848,Ledner Group
115,Crystie,Westrip,233-256-2230,"Rutherford, Kautzer and Hammes"
116,Liu,Wong,(406) 555-5834,The Cracker Box
117,Kare,Jennaroy,605-904-2730,Kiehn-Walker
118,Ethe,Toor,420-405-1251,Bergnaum and Sons
119,Jaime,Yorres,(415) 555-5938,Let's Stop N Shop
120,Floria,Sayse,831-191-9444,Corkery Inc
121,Torre,Braitling,332-214-3248,Mayer Inc
122,Glenna,Juszczyk,371-420-2269,"Jerde, Turcotte and Kiehn"
123,Fairleigh,Gatheral,326-845-0229,Wuckert-Doyle
124,Addi,Lie,432-252-0873,Konopelski-Schuppe
125,Sile,O'Cahey,792-691-4627,"Tremblay, Daniel and Zulauf"
126,Torrie,Tarborn,590-969-5787,Olson and Sons
127,Wilie,Whiterod,466-943-8801,"Wuckert, Mohr and Willms"
128,Cathlene,Yell,220-795-3631,Feeney-Boyle
129,Lebbie,Gawkroge,895-685-0110,Volkman-Ledner
130,Broderick,Dashwood,621-639-8898,"Torphy, Dicki and Nicolas"
131,Wiatt,Bonevant,510-475-6633,"Casper, Walter and Jones"
132,Emeline,Ogilby,781-421-4756,"Murazik, Hintz and Hegmann"
133,Alisa,Dubbin,129-456-3896,Satterfield Inc
134,José,Pedro,(95) 555 82 82,Godos Cocina Típica
135,Pete,Hatliffe,809-678-9726,Koepp and Sons
136,Celestine,Rayne,288-223-8377,Nikolaus Group
137,Meredith,Beltzner,769-157-1903,Schimmel-Kuhn
138,Hestia,Muskett,676-763-1653,Lehner-Smith
139,Krystyna,Brewin,428-840-8342,"Howell, Jones and Moen"
140,Pattin,Spillman,673-484-2677,"Lockman, Lockman and Nolan"
141,Thomas,Hardy,(171) 555-7788,Around the Horn
142,Lissi,Tunstall,915-297-0528,Kozey-Macejkovic
143,Sharai,Ovenell,468-962-4063,"Gutmann, Ebert and Trantow"
144,Carine,Schmitt,40.32.21.21,France restauration
145,Ritchie,Hains,623-774-3636,"Leuschke, Muller and Denesik"
146,John,Steel,(509) 555-7969,Lazy K Kountry Store
147,Gloriana,Rogliero,307-331-9287,"Murray, Jones and Brakus"
148,Bud,Martin,520-361-0612,Rolfson Group
149,Merv,Slader,820-366-2737,"Mraz, Kiehn and Cole"
150,Zacharie,Godball,714-720-1343,Rogahn LLC
151,Hewie,Strange,594-156-1469,Wintheiser and Sons
152,Rozele,Darinton,718-828-7006,"Hermann, O'Keefe and Senger"
153,Rene,Phillips,(907) 555-7584,Old World Delicatessen
154,Atlante,Leckey,369-226-0333,Goodwin-Muller
155,Gannon,Arkow,538-774-5363,Sporer-Crona
156,Manuel,Pereira,(2) 283-2951,GROSELLA-Restaurante
157,Waylon,Wassell,676-424-7837,Howe-McGlynn
158,Jonathan,Drewe,944-503-1934,"Bednar, Lubowitz and Mayer"
159,Laurence,Lebihan,91.24.45.40,Bon app'
160,Jacquie,Rose,862-397-7664,"Shanahan, Witting and Lang"
161,Vere,Balma,389-493-3595,"Bergstrom, Crooks and Swift"
162,Camel,Besnardeau,177-740-6676,Brekke Group
163,Johnna,Streatley,209-330-7522,Hilll Inc
164,Renate,Messner,069-0245984,Lehmanns Marktstand
165,Giovanni,Rovelli,035-640230,Magazzini Alimentari Riuniti
166,Camille,Shepherd,749-650-6486,Herzog Group
167,Paulie,Thecham,892-461-9077,Crooks-Terry
168,Aeriela,Hiddy,829-540-6991,Kertzmann LLC
169,Lisabeth,Jermin,302-165-6940,Grimes-Moore
170,Bronnie,Deekes,557-264-9930,Oberbrunner-Boehm
171,Arvy,Gibbett,943-266-1469,Crona Group
172,Simon,Crowther,(171) 555-7733,North/South
173,Michael,Holz,0897-034214,Richter Supermarkt
174,Delilah,Bravey,720-161-0248,"Boyer, Orn and Walsh"
175,Kym,Heninghem,353-442-0140,Bernhard Group
176,Horst,Kloss,0372-035188,QUICK-Stop
177,Cairistiona,McGuffie,870-581-6886,"Jast, Runte and Leuschke"
178,Martelle,Marflitt,970-195-4155,Schuster Group
179,Parry,Redmile,963-445-8930,"Hoeger, Mertz and Smith"
180,Hanni,Spraggs,153-547-2790,Sipes and Sons
181,Brit,Mouat,794-674-1615,"Stamm, Williamson and Grady"
182,Conni,Crepel,711-367-4779,Klein-Altenwerth
183,Alfie,Sharrocks,151-754-9984,"Huel, Cormier and Wisozk"
184,Kass,Spurritt,311-990-1705,Wisozk-Spencer
185,Erhart,Broz,285-995-0117,"Russel, Pfannerstill and Heathcote"
186,Kelila,Anthes,907-752-5045,"Gulgowski, Larson and Friesen"
187,Vachel,Maytum,104-829-0550,"Mayert, Rau and Wyman"
188,Palle,Ibsen,86 21 32 43,Vaffeljernet
189,Gianna,Gerrelts,913-570-7309,"Wolff, Kris and Erdman"
190,Washington,Helling,599-379-9502,"Schmitt, Veum and O'Connell"
191,Xymenes,Eggle,813-997-1955,"Upton, Parker and Wyman"
192,Llywellyn,Wenham,339-111-0301,Luettgen-Watsica
193,Desi,Labrone,832-547-6098,Rowe LLC
194,Georgina,Denkel,313-477-2013,Hane-Grimes
195,Cassey,Edgecumbe,773-751-7930,Little-Langosh
196,Caz,Schleicher,395-345-8990,"Thompson, Yost and Quigley"
197,Cami,Domnin,674-254-7929,Fay Group
198,Adora,Midford,519-986-7664,Kovacek-Gulgowski
199,Saba,Dutteridge,555-346-5213,"Nitzsche, Walsh and Ankunding"
200,Ana,Trujillo,(5) 555-4729,Ana Trujillo Emparedados y helados
201,Charles,Dwelly,336-380-0121,"Konopelski, Ortiz and Mohr"
202,Annette,Roulet,61.77.61.10,La maison d'Asie
203,Kali,Cocklie,331-649-6427,Hilll LLC
204,Wes,Barnewell,750-336-6366,"O'Reilly, Bednar and O'Keefe"
205,Monti,Rooper,927-939-2185,"Padberg, Bahringer and Gulgowski"
206,Farrell,Benfield,336-797-2440,Friesen-Beahan
207,Angelina,Hanssmann,609-244-1476,Marks-Runte
208,Wendall,Olechnowicz,837-245-7479,"Metz, Hills and Ryan"
209,Celka,Lapish,841-226-8546,Leannon Inc
210,Chrissy,Kimbury,424-575-6543,Crist Inc
211,Theodosia,Sturmey,519-730-9668,O'Hara-Hackett
212,Eduardo,Saavedra,(93) 203 4560,Galería del gastrónomo
213,Maxine,Groucutt,462-556-4471,Schinner Inc
214,Caddric,Dellar,156-569-8086,Monahan-Price
215,Dodie,Androck,851-245-5779,"Buckridge, Schroeder and Olson"
216,Philbert,Elvy,663-933-0789,Wyman-Schaefer
217,Phillida,Archer,551-272-2230,Harvey Inc
218,Mary,Saveley,78.32.54.86,Victuailles en stock
219,Alisha,Duffit,212-243-5058,Treutel-Abernathy
220,Dominique,Perrier,(1) 47.55.60.10,Spécialités du monde
221,Calida,O'Dogherty,830-635-9459,Harris Inc
222,Mackenzie,Pagden,405-711-4129,Dickinson-Jones
223,Artur,Walewicz,114-240-3711,"Terry, Zieme and Kris"
224,Jackie,Bakesef,859-640-2211,"Jones, Paucek and Leffler"
225,Hastings,Giamitti,841-200-0772,Medhurst-Toy
226,Jackelyn,Shelper,386-544-9980,"Adams, Rau and Pollich"
227,Alta,Ewing,239-231-1895,"Roberts, Block and Klocko"
228,Kathrine,Cultcheth,715-660-7465,Lang Inc
229,Martine,Rancé,20.16.10.16,Folies gourmandes
230,Arlyne,Spanswick,545-463-2762,Armstrong Inc
231,Konstanze,Lynds,401-422-4891,Schimmel and Sons
232,Fidelia,Mereweather,613-981-7605,Kessler LLC
233,Dawn,Besemer,369-414-0018,"Dickens, Conroy and Bernhard"
234,Tove,McAuliffe,763-986-2936,Gutmann Inc
235,Nikaniki,Steane,243-848-0472,"Runolfsdottir, Wolff and Parker"
236,Sven,Ottlieb,0241-039123,Drachenblut Delikatessen
237,Paolo,Accorti,011-4988260,Franchi S.p.A.
238,Millard,Carbine,811-449-2389,"Hilpert, Kuhic and Schuppe"
239,Bernete,Robertson,212-961-2517,Hickle-Koelpin
240,Georg,Pipps,6562-9722,Piccolo und mehr
241,Victoria,Ashworth,(171) 555-1212,B's Beverages
242,Nicolis,Innman,285-327-8242,Jones-Walter
243,Diego,Roel,(91) 555 94 44,FISSA Fabrica Inter. Salchichas S.A.
244,Pedro,Afonso,(11) 555-7647,Comércio Mineiro
245,Leanora,Divis,428-534-0870,Green-Abshire
246,Vassily,Wiffen,663-742-7671,"Rau, Koss and Raynor"
247,Anneliese,Hovie,511-532-8013,"Breitenberg, Schowalter and Hagenes"
248,Janenna,Calcraft,756-532-0931,Emmerich-Cummings
249,Rubie,Cosely,501-413-9829,Bogan-Durgan
250,Christan,Fancourt,267-816-1503,"Quitzon, Ortiz and Prohaska"
251,Vassili,Pomfret,650-946-4833,Moen LLC
252,Rosemaria,Thaine,640-275-7343,"Schmeler, Cummings and Altenwerth"
253,Marci,Lupson,663-939-4973,Padberg-Glover
254,Melvyn,Kluss,416-633-9606,Jakubowski-Littel
255,Maure,Gianulli,319-190-2167,Mayer Inc
256,Luelle,Leser,773-459-9583,Wintheiser and Sons
257,Jonas,Bergulfsen,07-98 92 35,Santé Gourmet
258,Danica,O'Fallone,769-558-1852,Kerluke Inc
259,Kathleen,Sellors,725-955-8114,Stracke-Hane
260,Julianne,Romanini,853-918-2302,Pfeffer-Nicolas
261,Patricia,McKenna,2967 542,Hungry Owl All-Night Grocers
262,Dode,Nani,763-261-3087,Rosenbaum-Hessel
263,Christophe,Tomczykowski,827-868-6252,Kling Inc
264,Roderigo,Stutard,988-108-4432,Anderson-Hermann
265,Francesco,Griffiths,573-100-5124,Hermiston and Sons
266,Wolfie,Clemmey,227-713-1460,Thiel and Sons
267,Cathe,Rosebotham,557-656-6096,Klocko-Harber
268,Wilhelmina,Schoffler,887-329-0430,Hudson and Sons
269,Herbert,Pates,898-721-8704,Mante-Zemlak
270,Josepha,Banbridge,916-658-9781,"Crooks, Howell and Reilly"
271,Traver,Witton,481-106-1727,"West, Hudson and Kessler"
272,Doe,Hodgin,712-496-7858,Goodwin-Cole
273,Lane,Corsham,595-561-3708,Toy LLC
274,Dominga,Skillington,968-760-5333,"Legros, Botsford and Lehner"
275,Mersey,Stockney,912-604-3408,Sporer-Pouros
276,Arch,Jump,988-205-7183,"Shanahan, Beahan and MacGyver"
277,Elizabeth,Brown,(171) 555-2282,Consolidated Holdings
278,Cindee,Andriveaux,854-948-7993,"Maggio, Zieme and Heidenreich"
279,Maribelle,Eakins,188-817-2027,Gleichner LLC
280,Bekki,Cridlin,232-344-6881,Witting-Rowe
281,Zenia,Houlworth,803-200-0967,"Rau, Nader and Yundt"
282,Loydie,Mussotti,617-140-8843,Tromp Inc
283,Aldon,Esilmon,763-349-4460,Davis Group
284,Beatrix,Morrid,904-133-1368,Lowe Inc
285,Veda,Petre,216-168-3857,Rowe Inc
286,Paul,Henriot,26.47.15.10,Vins et alcools Chevalier
287,Timothea,Wildash,509-464-5224,"Hudson, Altenwerth and Upton"
288,Harriet,Betho,251-758-0930,"Bosco, Goldner and Yost"
289,Ronna,Branford,301-408-6958,"Batz, Wolf and Stanton"
290,Willie,Standering,360-409-2548,"Gibson, Lesch and Davis"
291,Alexander,Feuer,0342-023176,Morgenstern Gesundkost
292,Cosme,Breawood,610-645-2584,"Kemmer, Heathcote and Shanahan"
293,Licha,Mulqueen,162-136-7492,"Prosacco, Bernier and Cremin"
294,Roland,Mendel,7675-3425,Ernst Handel
295,Ranice,Linstead,778-255-9219,Nikolaus-Stamm
296,Daniel,Tonini,30.59.84.10,La corne d'abondance
297,Derby,Overy,914-648-5388,Lindgren-Murazik
298,Yang,Wang,0452-076545,Chop-suey Chinese
299,Ximenez,Karpf,841-459-6983,Nicolas Group
300,Henriette,Pfalzheim,0221-0644327,Ottilies Käseladen
301,Gipsy,Seeman,572-426-9312,Ullrich Group
302,Ashley,Jakubovitch,679-949-3541,Schoen-Streich
303,Sadella,Surmon,324-211-6477,Hagenes-Medhurst
304,Emelda,O'Connel,119-247-3264,Nolan-Cartwright
305,Evelina,Demetr,926-399-1594,Kerluke-Johns
306,Chev,Gasnell,115-657-9573,Fritsch-Tromp
307,Madge,Kilfedder,431-893-3515,Schowalter Inc
308,Anabela,Domingues,(11) 555-2167,Tradição Hipermercados
309,Lucho,Keyho,450-183-0235,"Hilpert, Ward and Lind"
310,Mozelle,Latta,428-538-6887,Borer LLC
311,Bernardo,Batista,(21) 555-4252,Que Delícia
312,Simone,Cliss,701-509-9492,Mueller-Hessel
313,Bond,Sendley,839-798-1564,Reynolds Inc
314,Ashlan,Martello,748-353-0002,"Ondricka, Mayer and Bayer"
315,Bevon,Standish-Brooks,639-365-5941,Block-Rohan
316,Zachariah,Neely,582-253-2524,"Buckridge, McKenzie and Rohan"
317,Ann,Devon,(171) 555-0297,Eastern Connection
318,Caren,Postance,627-954-9167,Bartoletti-Parisian
319,Terrye,Bateman,329-237-9418,Oberbrunner-Stracke
320,Janete,Limeira,(21) 555-3412,Ricardo Adocicados
321,Portia,Parmer,364-342-0536,"Stracke, Grimes and Nitzsche"
322,Ariana,Blanchard,844-138-0667,"Raynor, Feest and Cassin"
323,Andrew,Swetland,874-500-7455,Reichert-Champlin
324,Daphne,O'Dowling,438-976-5525,Rippin-Lubowitz
325,Jytte,Petersen,31 12 34 56,Simons bistro
326,Salaidh,Dei,126-806-0301,Reichert Group
327,Catherine,Dewey,(02) 201 24 67,Maison Dewey
328,Malvina,Cavanaugh,893-188-4930,"Heaney, Daugherty and Hackett"
329,Codi,Erdis,542-164-1664,"Armstrong, Volkman and Thompson"
330,Dan,Stetlye,631-264-3582,"Goodwin, Hane and Mills"
331,Curcio,Collett,430-184-4459,Bayer LLC
332,Madelina,Whales,837-253-5076,"Runte, Becker and Jacobs"
333,Arlene,Twigley,387-892-1685,"McLaughlin, Toy and Ziemann"
334,Bale,Scrivinor,595-957-6525,Wiza-Hessel
335,Olia,Burwin,423-733-0168,Ullrich Inc
336,Ilka,Beyne,307-637-0474,Veum Group
337,Nanette,Marcam,733-281-1670,Purdy-Hermiston
338,Nonie,McConnel,246-128-2269,Breitenberg-Pacocha
339,Fabiano,Maughan,635-614-3450,Auer-Swift
340,Sibby,Mars,198-196-5553,Becker Inc
341,Lorant,Prandin,896-715-5432,"Wilderman, Cruickshank and Witting"
342,Mala,Gynne,931-465-4291,Glover Inc
343,Thor,Cubitt,409-206-0524,Koss-Lynch
344,Garrek,Biasioli,530-872-2519,Bernhard and Sons
345,Vin,Buckle,873-794-6737,"DuBuque, Koss and Senger"
346,Ali,Baum,353-172-0068,Kunze-Reilly
347,Marty,Laws,643-807-7366,Hammes-Bins
348,Peta,Skains,415-267-9163,Crist LLC
349,Mersey,Cholonin,180-450-2322,Gerhold and Sons
350,Ellwood,Brooker,409-336-2760,Hamill-Dicki
351,Martín,Sommer,(91) 555 22 82,Bólido Comidas preparadas
352,Justinian,Scherme,152-507-8504,"Bartoletti, Vandervort and Schaefer"
353,Drucy,McKeveney,299-704-4872,"Schroeder, Thiel and Kuphal"
354,Janis,Szimoni,576-395-9734,Streich-Langosh
355,Malcolm,Hatchette,179-864-8417,McGlynn-Hintz
356,Florentia,Lacroux,871-743-8651,Friesen Group
357,Mariam,Buckie,446-380-3286,Cassin and Sons
358,Bartlet,Meachem,521-444-3320,Grady LLC
359,Basil,Guilloneau,285-541-4572,Franecki-Greenholt
360,Jacob,Coggell,969-373-4924,Upton-Murray
361,Edgard,Rojas,244-874-1745,"Casper, Weimann and Breitenberg"
362,Obadiah,Marioneau,345-425-1059,Kassulke-Torphy
363,Ag,Burch,832-240-7131,Connelly and Sons
364,Meg,Mariette,173-500-3446,Koch-Huels
365,Ollie,Walmsley,283-669-7308,Lubowitz-Ritchie
366,Clem,Barefoot,542-723-2741,"Cormier, Lakin and Bins"
367,Tiffani,Lefwich,414-815-7368,"Dach, Maggio and Fisher"
368,Cal,Beernt,539-920-6249,"Davis, Baumbach and Legros"
369,Gianni,Dubock,703-452-2519,Schulist-Prosacco
370,Philly,Hiland,684-454-5096,Shields-Brekke
371,Hobart,Odhams,826-891-6233,Krajcik-Ondricka
372,Donn,Elsy,702-758-2231,Moen-Christiansen
373,Tracy,Nears,628-175-7101,Schimmel-Schoen
374,Eliot,Surr,386-801-2488,"Ebert, Lindgren and Donnelly"
375,Lula,Benaine,753-135-7497,Nitzsche-Conroy
376,Kevan,Hayworth,201-648-4027,O'Conner Inc
377,Yvonne,Moncada,(1) 135-5333,Océano Atlántico Ltda.
378,Denney,Comolli,909-565-3821,"Mohr, Parker and Goldner"
379,Jose,Pavarotti,(208) 555-8097,Save-a-lot Markets
380,Morna,Irving,945-793-0940,Berge-Veum
381,Carey,Willets,401-871-7954,Crona Group
382,Starlene,Snipe,644-272-8660,Halvorson-Kuhlman
383,Kristel,Gilliat,350-646-3032,Terry and Sons
384,Errick,Olivera,981-176-5180,Legros Inc
385,Jewelle,Rosetti,415-153-5362,"Senger, Swift and Becker"
386,Rodi,Jeffs,503-571-1330,Kihn-Marquardt
387,Pascale,Cartrain,(071) 23 67 22 20,Suprêmes délices
388,Selie,O'Neil,458-511-3900,Miller-Kuhlman
389,Maggi,Dana,903-255-2834,"Jast, Purdy and Fadel"
390,Hanna,Moos,0621-08460,Blauer See Delikatessen
391,Sanson,Elcoate,831-455-0090,Green LLC
392,Neila,De Simoni,107-864-7770,Kulas-Abbott
393,Micki,Leed,348-398-7657,Towne-Auer
394,Johnathan,Danelet,947-476-9227,O'Hara-Greenholt
395,Daphene,Osgardby,320-511-3733,Klocko-Rempel
396,Adel,Blaxter,757-763-4890,Koelpin-Schowalter
397,Gilbertina,Ivkovic,572-192-1192,Champlin LLC
398,Milty,Jarrad,767-477-8357,"Renner, Hills and Adams"
399,Helen,Pretley,430-218-0202,"Fadel, Bogan and Bernhard"
400,Marie,Griffoen,175-182-0840,Gulgowski and Sons
401,Hillery,Hearn,875-224-3164,"Blick, Bode and Medhurst"
402,Tani,Bumphries,713-247-0541,Skiles Group
403,Hedwig,Tinto,951-512-5846,"Becker, Homenick and Dickens"
404,Helaine,Rodriguez,611-149-7500,Satterfield-Moore
405,Maria,Anders,030-0074321,Alfreds Futterkiste
406,Jan,Pellamont,419-175-0357,Wiza and Sons
407,Reese,Laraway,445-999-9073,Romaguera Inc
408,Easter,Chell,974-218-1648,Roberts-Hilll
409,Chip,Jecks,504-348-8385,"Rodriguez, Padberg and Luettgen"
410,Linzy,Yeudall,536-950-2073,"Champlin, Klein and Gerlach"
411,Weidar,Baroc,333-935-8324,Weimann-Hessel
412,Corella,Enever,956-702-6362,Wolf Group
413,Ernesto,Clail,287-799-3854,Schoen and Sons
414,Melodee,Fairbourn,505-994-3195,Kovacek-Bergstrom
415,Doro,Vasichev,151-975-3566,Cummings-Dooley
416,Fabe,Guerrieri,860-190-3025,Wolff LLC
417,Claiborne,Elward,802-932-4911,"Dickens, Davis and Beer"
418,Howard,Snyder,(503) 555-7555,Great Lakes Food Market
419,Dal,Laybourne,918-462-7048,Lang-Kassulke
420,Zeb,Gatfield,396-990-4031,Wiegand and Sons
421,Sollie,Varty,602-497-3786,Murray LLC
422,Eadie,Spancock,367-409-5899,Pfannerstill and Sons
423,Randi,Jarvie,451-584-8239,Batz-Bode
424,Eduardo,Mogey,927-986-5066,Jacobson and Sons
425,Pirkko,Koskitalo,981-443655,Wartian Herkku
426,Patricio,Simpson,(1) 135-5555,Cactus Comidas para llevar
427,Nathanil,Godby,611-223-9593,"Green, Schuster and Rutherford"
428,Maria,Larsson,0695-34 67 21,Folk och fä HB
429,Sheppard,Hedylstone,701-284-2986,Daniel-Tremblay
430,Eunice,Larchier,577-750-8293,Stokes-Jaskolski
431,Conny,Toll,864-915-4805,Kozey-Altenwerth
432,Chuck,Ranby,893-293-3035,Johnston-Schaefer
433,Rosmunda,Giddons,616-858-6827,"Parisian, Reynolds and Collier"
434,Dorice,Jeannon,441-161-3628,"Wisoky, Mayer and Lowe"
435,Joli,Newlyn,978-259-7090,"Halvorson, Padberg and Wehner"
436,Shauna,Quarless,747-716-4711,McClure-Wunsch
437,Loree,Kettlestringes,915-371-6926,Tillman Group
438,Frederique,Crathern,235-519-2780,Marquardt LLC
439,Desiri,Reihm,563-851-9031,Nicolas-Mills
440,Leone,Craney,163-328-6479,Veum Inc
441,Matti,Karttunen,90-224 8858,Wilman Kala
442,Averil,Groven,502-215-4081,Turcotte LLC
443,Shirlee,Otham,653-872-1734,Muller-Wiza
444,Allistir,Matts,753-710-8392,"Kessler, Pagac and Kilback"
445,Karl,Jablonski,(206) 555-4112,White Clover Markets
446,Elizabeth,Lincoln,(604) 555-4729,Bottom-Dollar Markets
447,Frédérique,Citeaux,88.60.15.31,Blondesddsl père et fils
448,Hugibert,Demoge,892-166-1889,"Roob, Bartell and Schultz"
449,Xylina,Ascroft,682-223-5033,"Buckridge, Padberg and Leannon"
450,Gerrilee,Ranald,506-662-1765,Grant-Hickle
451,Joelynn,Idill,681-886-4735,"Hane, Boyle and Doyle"
452,Zebulen,Cussins,105-823-3115,"Green, Adams and Mraz"
453,Tabina,Cadagan,772-476-4227,McDermott-Bergstrom
454,Heloise,Goly,203-872-5658,"Fadel, Goodwin and Armstrong"
455,Ivan,Parysowna,292-819-0835,Zemlak Group
456,Saxon,Manners,389-634-4051,Stark-Denesik
457,Vidovic,Tomsett,756-758-4935,Tromp-Rolfson
458,Dalton,Dimitriades,273-367-3557,Zboncak-Reinger
459,Yoshi,Latimer,(503) 555-6874,Hungry Coyote Import Store
460,Rickert,Wingeatt,884-730-8126,"Schulist, Gislason and Rowe"
461,Cletis,Bulfoot,202-920-3520,Kuhn Inc
462,Cello,Abbado,821-998-1092,Pagac-Spencer
463,Ginny,Mussett,205-558-9547,White-Quitzon
464,Prisca,Lawlie,922-241-6121,Satterfield-Howe
465,Nicolea,Simonian,426-238-5951,MacGyver-Franecki
466,Webster,Brimilcombe,257-590-8474,"Bashirian, Herman and Kulas"
467,Jeremias,Carverhill,987-882-1608,Konopelski-Koepp
468,Baxie,Jolliss,383-573-6471,Ward-Shields
469,Veriee,Folini,796-536-7979,Aufderhar LLC
470,Isabel,de,(1) 356-5634,Princesa Isabel Vinhos
471,Justinn,Busch,849-194-7657,Hettinger-Greenholt
472,Alejandra,Camino,(91) 745 6200,Romero y tomillo
473,Minta,Bladon,428-953-2821,Veum LLC
474,Davin,Wolfendale,228-918-0054,Anderson-Homenick
475,Crin,Jeays,892-346-8302,"Watsica, Olson and Erdman"
476,Deanna,Deny,365-776-5381,Bogan-Raynor
477,Allayne,Gregolin,209-828-1695,"Olson, Kilback and Gorczany"
478,Morie,Lacroutz,714-354-5641,"Haag, Wiegand and Beahan"
479,Cahra,Jeskins,244-991-3429,Fay-Rath
480,Constantina,Burgise,187-805-5098,Cormier Group
481,Gregg,Oxe,772-675-9936,Mertz and Sons
482,Helvetius,Nagy,(206) 555-8257,Trail's Head Gourmet Provisioners
483,Dorise,D'Acth,697-749-7038,MacGyver-Stiedemann
484,Hercule,Jirusek,592-890-0194,Pagac Group
485,Aurilia,Mourton,588-609-1909,"Botsford, Botsford and Hoeger"
486,Siana,Wanklin,105-229-4074,Haag-Ferry
487,Dody,Finlason,349-464-4842,"Hermiston, Windler and Dibbert"
488,Ame,Drohane,245-603-0315,"Lueilwitz, Fahey and Murray"
489,Jean,Fresnière,(514) 555-8054,Mère Paillarde
490,Nada,Geator,239-598-9304,Schmeler Group
